{
    "metadata": {
        "pixel_convention": "0-based (Python/C convention)",
        "header_convention": "FITS (1-based for CRPIX)",
        "focal_plane_convention": "Relative to FITS CRPIX (u = pix_0 - CRPIX_fits)",
        "notes": "input_pixel_coordinates are 0-based. header_keywords follow FITS standards (CRPIX is 1-based). focal_plane_coordinates are intermediate coordinates (U, V) where U = u + f(u,v) and u = x_0 - CRPIX_fits. This follows the Astropy/Shupe convention."
    },
    "key_descriptions": {
        "header_keywords": "Relevant FITS WCS and SIP keywords from the source image.",
        "input_pixel_coordinates": "List of [x, y] coordinates (0-based) used for testing.",
        "focal_plane_coordinates": "Intermediate [U, V] coordinates after applying forward SIP distortion.",
        "output_world_coordinates": "Final [RA, Dec] in degrees (ICRS) from the projection.",
        "coordinate_system": "The celestial coordinate system (e.g., ICRS).",
        "projection": "The FITS projection code (e.g., TAN, SIN)."
    },
    "header_keywords": {
        "NAXIS1": 2040,
        "NAXIS2": 2040,
        "PCOUNT": 0,
        "CRPIX1": 1020.5,
        "CRPIX2": 1020.5,
        "PC1_1": -0.00158740607248,
        "PC1_2": -0.000554543080242,
        "PC2_1": -0.000615621998609,
        "PC2_2": 0.00161298518873,
        "CDELT1": 1.0,
        "CDELT2": 1.0,
        "CTYPE1": "RA---TAN-SIP",
        "CTYPE2": "DEC--TAN-SIP",
        "CRVAL1": 306.774220556,
        "CRVAL2": 39.377324342,
        "A_ORDER": 3,
        "A_0_0": 0.113266854918,
        "A_0_1": -0.0179446630081,
        "A_0_2": -1.47860595641e-06,
        "A_0_3": -1.2211502669e-11,
        "A_1_0": 0.00618204947398,
        "A_1_1": 4.29089596681e-06,
        "A_1_2": 6.7607766323e-10,
        "A_2_0": -1.72797210117e-06,
        "A_2_1": -2.17111930548e-10,
        "A_3_0": 5.53518885357e-10,
        "B_ORDER": 3,
        "B_0_0": 0.0248152906769,
        "B_0_1": 0.00210758937402,
        "B_0_2": 1.90569021653e-06,
        "B_0_3": 3.17717039757e-10,
        "B_1_0": 0.0182187943256,
        "B_1_1": -6.71482930521e-07,
        "B_1_2": -1.18648832785e-10,
        "B_2_0": 6.74104725509e-06,
        "B_2_1": 6.6886904428e-10,
        "B_3_0": -7.08882830678e-11,
        "AP_ORDER": 3,
        "AP_0_0": -0.110691519047,
        "AP_0_1": 0.0177918521318,
        "AP_0_2": 1.34785269498e-06,
        "AP_0_3": -1.65845717566e-11,
        "AP_1_0": -0.00646753799794,
        "AP_1_1": -4.18656672878e-06,
        "AP_1_2": -6.21218486534e-10,
        "AP_2_0": 1.64343792194e-06,
        "AP_2_1": 1.52964609744e-10,
        "AP_3_0": -5.06064826268e-10,
        "BP_ORDER": 3,
        "BP_0_0": -0.0275561561486,
        "BP_0_1": -0.00242736031861,
        "BP_0_2": -1.8954234671e-06,
        "BP_0_3": -3.03648571073e-10,
        "BP_1_0": -0.018061041327,
        "BP_1_1": 5.63011656266e-07,
        "BP_1_2": 9.77502247095e-11,
        "BP_2_0": -6.66283796622e-06,
        "BP_2_1": -5.75758310447e-10,
        "BP_3_0": 6.3014748118e-11,
        "PV1_3W": 1,
        "PV2_3W": 2
    },
    "input_pixel_coordinates": [
        [
            1019.5,
            1019.5
        ],
        [
            0.0,
            0.0
        ],
        [
            2039.0,
            0.0
        ],
        [
            0.0,
            2039.0
        ],
        [
            2039.0,
            2039.0
        ]
    ],
    "focal_plane_coordinates": [
        [
            -0.886733145081962,
            -0.9751847093231163
        ],
        [
            -1008.3276675985474,
            -1033.7532023087965
        ],
        [
            1036.9636656859775,
            -995.610913800485
        ],
        [
            -1054.3225848278196,
            1013.0308928841037
        ],
        [
            1008.8082385475332,
            1048.3814770076324
        ]
    ],
    "output_world_coordinates": [
        [
            306.77397014799783,
            39.37729463886038
        ],
        [
            309.5401627657404,
            38.29926851906831
        ],
        [
            305.40060308875775,
            37.127258649533765
        ],
        [
            308.258088486593,
            41.650637823654506
        ],
        [
            303.9059996307541,
            40.41272140231245
        ]
    ],
    "coordinate_system": "ICRS",
    "projection": "SIP"
}